{
    "station_name": "외연도",
    "n_total": 96875,
    "n_train": 67812,
    "n_val": 14531,
    "n_test": 14532,
    "n_train_seq": 67644,
    "n_val_seq": 14363,
    "n_test_seq": 14364,
    "seq_length": 168,
    "best_epoch": 25,
    "best_val_rmse": 1.8963829822720542,
    "train_loss": 0.0026731452751871903,
    "val_loss": 0.003917119591558363,
    "test_loss": 0.005390047581521417,
    "train_rmse": 1.5665848551687884,
    "val_rmse": 1.8963829822720542,
    "test_rmse": 2.2245333878799673,
    "train_mae": 1.1984269618988037,
    "val_mae": 1.5011917352676392,
    "test_mae": 1.7242292165756226
}