{
    "station_name": "부안",
    "n_total": 78435,
    "n_train": 54904,
    "n_val": 11765,
    "n_test": 11766,
    "n_train_seq": 54736,
    "n_val_seq": 11597,
    "n_test_seq": 11598,
    "seq_length": 168,
    "best_epoch": 6,
    "best_val_rmse": 2.6203982571766833,
    "train_loss": 0.008070275449648038,
    "val_loss": 0.008053207957356699,
    "test_loss": 0.007225372149945648,
    "train_rmse": 2.6231737596126026,
    "val_rmse": 2.6203982571766833,
    "test_rmse": 2.48206389792646,
    "train_mae": 2.2807979583740234,
    "val_mae": 2.30313777923584,
    "test_mae": 2.0568575859069824
}