{
    "station_name": "인천",
    "n_total": 76698,
    "n_train": 53688,
    "n_val": 11505,
    "n_test": 11505,
    "n_train_seq": 53520,
    "n_val_seq": 11337,
    "n_test_seq": 11337,
    "seq_length": 168,
    "best_epoch": 20,
    "best_val_rmse": 0.8451264069038668,
    "train_loss": 0.0007274649801347523,
    "val_loss": 0.0007384525419521676,
    "test_loss": 0.0013516843886074979,
    "train_rmse": 0.8388154943168443,
    "val_rmse": 0.8451264069038668,
    "test_rmse": 1.143399613287852,
    "train_mae": 0.6523817777633667,
    "val_mae": 0.6540168523788452,
    "test_mae": 0.8456810116767883
}