{
    "station_name": "칠발도",
    "n_total": 186881,
    "n_train": 130816,
    "n_val": 28032,
    "n_test": 28033,
    "n_train_seq": 130648,
    "n_val_seq": 27864,
    "n_test_seq": 27865,
    "seq_length": 168,
    "best_epoch": 2,
    "best_val_rmse": 2.0023433546883753,
    "train_loss": 0.004833616583353418,
    "val_loss": 0.003659494325141988,
    "test_loss": 0.006138281787121653,
    "train_rmse": 2.3012513488400894,
    "val_rmse": 2.0023433546883753,
    "test_rmse": 2.5932918281796815,
    "train_mae": 1.8601452112197876,
    "val_mae": 1.7283467054367065,
    "test_mae": 2.0611891746520996
}