{
    "station_name": "서해170",
    "n_total": 47457,
    "n_train": 33219,
    "n_val": 7119,
    "n_test": 7119,
    "n_train_seq": 33051,
    "n_val_seq": 6951,
    "n_test_seq": 6951,
    "seq_length": 168,
    "best_epoch": 10,
    "best_val_rmse": 0.9003852628933,
    "train_loss": 0.000980882276626781,
    "val_loss": 0.0014679826464201668,
    "test_loss": 0.0014794525658128493,
    "train_rmse": 0.735997538132282,
    "val_rmse": 0.9003852628933,
    "test_rmse": 0.9038958061755699,
    "train_mae": 0.5629733800888062,
    "val_mae": 0.7260875105857849,
    "test_mae": 0.7418180108070374
}