{
    "station_name": "서해190",
    "n_total": 40788,
    "n_train": 28551,
    "n_val": 6118,
    "n_test": 6119,
    "n_train_seq": 28383,
    "n_val_seq": 5950,
    "n_test_seq": 5951,
    "seq_length": 168,
    "best_epoch": 98,
    "best_val_rmse": 1.242056737770954,
    "train_loss": 0.0013713962821904392,
    "val_loss": 0.0029938580543135427,
    "test_loss": 0.003200105138766166,
    "train_rmse": 0.8406346699892343,
    "val_rmse": 1.242056737770954,
    "test_rmse": 1.2841270058853047,
    "train_mae": 0.7111347317695618,
    "val_mae": 0.9941844344139099,
    "test_mae": 1.0511987209320068
}